{
    "version": 2,
    "rewrites": [
        {
            "source": "/admin",
            "destination": "/public/admin/index.html"
        },
        {
            "source": "/admin/",
            "destination": "/public/admin/index.html"
        }
    ],
    "headers": [
        {
            "source": "/api/(.*)",
            "headers": [
                {
                    "key": "Access-Control-Allow-Origin",
                    "value": "*"
                },
                {
                    "key": "Access-Control-Allow-Methods",
                    "value": "GET, POST, OPTIONS"
                },
                {
                    "key": "Access-Control-Allow-Headers",
                    "value": "Content-Type, Authorization"
                }
            ]
        }
    ]
}