[
    {
        "id": 1,
        "priority": 1,
        "action": {
            "type": "block"
        },
        "condition": {
            "urlFilter": "client.min.js",
            "resourceTypes": [
                "script"
            ]
        }
    },
    {
        "id": 2,
        "priority": 1,
        "action": {
            "type": "block"
        },
        "condition": {
            "urlFilter": "fingerprint",
            "resourceTypes": [
                "script",
                "xmlhttprequest"
            ]
        }
    }
]